ID,SeekerID,Search Query,Search Date,,,,
,,,,,,,
,,,,,,,
,,,,,,,
,,,,,,,
,,,,,,,
,,,,,,,
,,,,,,,
,,,,,,,
,,,,,,,
,,,,,,,
,,,,,,,
,,,,,,,
,,,,,,,
,,,,,,,
,,,,,,,
,,,,,,,
"1","dd3f7284-9a66-4dc9-9af7-e15c1a87e28d","IndustryNames: IT phần cứng","2024-11-30"
"1","dd3f7284-9a66-4dc9-9af7-e15c1a87e28d","IndustryNames: Thiết kế","2024-11-30"
"1","dd3f7284-9a66-4dc9-9af7-e15c1a87e28d","TypesOfWork: Toàn thời gian","2024-11-30"
"1","dd3f7284-9a66-4dc9-9af7-e15c1a87e28d","IndustryNames: IT phần mềm","2024-11-30"
"1","dd3f7284-9a66-4dc9-9af7-e15c1a87e28d","IndustryNames: IT phần cứng","2024-11-30"
"1","dd3f7284-9a66-4dc9-9af7-e15c1a87e28d","IndustryNames: IT phần cứng, IT phần mềm","2024-11-30"
"1","dd3f7284-9a66-4dc9-9af7-e15c1a87e28d","Title: Kinh doanh","2024-11-30"
"1","dd3f7284-9a66-4dc9-9af7-e15c1a87e28d","TypesOfWork: Từ xa","2024-11-30"
"1","dd3f7284-9a66-4dc9-9af7-e15c1a87e28d","CityName: Thành phố Hồ Chí Minh","2024-11-30"
"1","dd3f7284-9a66-4dc9-9af7-e15c1a87e28d","CityName: Thành phố Hồ Chí Minh | IndustryNames: Marketing","2024-11-30"
"1","dd3f7284-9a66-4dc9-9af7-e15c1a87e28d","CityName: Thành phố Hồ Chí Minh","2024-11-30"
"1","dd3f7284-9a66-4dc9-9af7-e15c1a87e28d","CityName: Thành phố Hồ Chí Minh | IndustryNames: Điện - điện tử","2024-11-30"
"1","dd3f7284-9a66-4dc9-9af7-e15c1a87e28d","IndustryNames: IT phần cứng","2024-11-30"
"1","dd3f7284-9a66-4dc9-9af7-e15c1a87e28d","IndustryNames: IT phần cứng","2024-11-30"
"1","dd3f7284-9a66-4dc9-9af7-e15c1a87e28d","IndustryNames: IT phần cứng","2024-11-30"
"1","dd3f7284-9a66-4dc9-9af7-e15c1a87e28d","IndustryNames: IT phần cứng","2024-11-30"
"1","dd3f7284-9a66-4dc9-9af7-e15c1a87e28d","IndustryNames: IT phần cứng","2024-11-30"
"1","dd3f7284-9a66-4dc9-9af7-e15c1a87e28d","IndustryNames: IT phần cứng","2024-11-30"
"1","dd3f7284-9a66-4dc9-9af7-e15c1a87e28d","IndustryNames: IT phần cứng","2024-11-30"
"1","dd3f7284-9a66-4dc9-9af7-e15c1a87e28d","IndustryNames: IT phần cứng","2024-11-30"
"1","dd3f7284-9a66-4dc9-9af7-e15c1a87e28d","IndustryNames: IT phần cứng","2024-11-30"
"1","dd3f7284-9a66-4dc9-9af7-e15c1a87e28d","IndustryNames: IT phần cứng","2024-11-30"
"1","dd3f7284-9a66-4dc9-9af7-e15c1a87e28d","TypesOfWork: Từ xa","2024-12-01"
"1","dd3f7284-9a66-4dc9-9af7-e15c1a87e28d","TypesOfWork: Từ xa","2024-12-01"
"1","dd3f7284-9a66-4dc9-9af7-e15c1a87e28d","TypesOfWork: Từ xa, Thực tập sinh","2024-12-01"
"1","dd3f7284-9a66-4dc9-9af7-e15c1a87e28d","TypesOfWork: Từ xa","2024-12-01"
"1","dd3f7284-9a66-4dc9-9af7-e15c1a87e28d","CityName: Hà Nội","2024-12-01"
"1","dd3f7284-9a66-4dc9-9af7-e15c1a87e28d","CityName: Hà Nội","2024-12-01"
"1","dd3f7284-9a66-4dc9-9af7-e15c1a87e28d","CityName: Hà Nội","2024-12-01"
"1","dd3f7284-9a66-4dc9-9af7-e15c1a87e28d","CityName: Hà Nội","2024-12-01"
"1","dd3f7284-9a66-4dc9-9af7-e15c1a87e28d","CityName: Hải Dương","2024-12-01"
"1","dd3f7284-9a66-4dc9-9af7-e15c1a87e28d","CityName: Hải Dương","2024-12-01"
"1","dd3f7284-9a66-4dc9-9af7-e15c1a87e28d","CityName: Hải Dương | IndustryNames: IT phần mềm","2024-12-01"
"1","dd3f7284-9a66-4dc9-9af7-e15c1a87e28d","IndustryNames: IT phần mềm","2024-12-01"
"1","dd3f7284-9a66-4dc9-9af7-e15c1a87e28d","CityName: Thành phố Hồ Chí Minh | IndustryNames: IT phần mềm","2024-12-01"
"1","dd3f7284-9a66-4dc9-9af7-e15c1a87e28d","CityName: Hà Nội | IndustryNames: IT phần mềm","2024-12-01"
"1","dd3f7284-9a66-4dc9-9af7-e15c1a87e28d","Title: Kỹ sư | CityName: Hà Nội | IndustryNames: IT phần mềm","2024-12-01"
"1","dd3f7284-9a66-4dc9-9af7-e15c1a87e28d","Title: Kỹ sư | MaxSalary: 25845494 | CityName: Hà Nội | IndustryNames: IT phần mềm","2024-12-01"
"1","dd3f7284-9a66-4dc9-9af7-e15c1a87e28d","Title: Kỹ sư | MaxSalary: 22832618 | CityName: Hà Nội | IndustryNames: IT phần mềm","2024-12-01"
"1","dd3f7284-9a66-4dc9-9af7-e15c1a87e28d","Title: Kỹ sư | MaxSalary: 19356223 | CityName: Hà Nội | IndustryNames: IT phần mềm","2024-12-01"
"1","dd3f7284-9a66-4dc9-9af7-e15c1a87e28d","Title: Kỹ sư | MaxSalary: 18429185 | CityName: Hà Nội | IndustryNames: IT phần mềm","2024-12-01"
"1","dd3f7284-9a66-4dc9-9af7-e15c1a87e28d","Title: Kỹ sư | MaxSalary: 17733906 | CityName: Hà Nội | IndustryNames: IT phần mềm","2024-12-01"
"1","dd3f7284-9a66-4dc9-9af7-e15c1a87e28d","Title: Kỹ sư | MaxSalary: 16111588 | CityName: Hà Nội | IndustryNames: IT phần mềm","2024-12-01"
"1","dd3f7284-9a66-4dc9-9af7-e15c1a87e28d","Title: Kỹ sư | MaxSalary: 15879828 | CityName: Hà Nội | IndustryNames: IT phần mềm","2024-12-01"
"1","dd3f7284-9a66-4dc9-9af7-e15c1a87e28d","Title: Kỹ sư | MaxSalary: 15957082 | CityName: Hà Nội | IndustryNames: IT phần mềm","2024-12-01"
"1","dd3f7284-9a66-4dc9-9af7-e15c1a87e28d","Title: Kỹ sư | MaxSalary: 17579399 | CityName: Hà Nội | IndustryNames: IT phần mềm","2024-12-01"
"1","dd3f7284-9a66-4dc9-9af7-e15c1a87e28d","Title: Kỹ sư | MaxSalary: 17811159 | CityName: Hà Nội | IndustryNames: IT phần mềm","2024-12-01"
"1","dd3f7284-9a66-4dc9-9af7-e15c1a87e28d","Title: Kỹ sư | MaxSalary: 17888412 | CityName: Hà Nội | IndustryNames: IT phần mềm","2024-12-01"
"1","dd3f7284-9a66-4dc9-9af7-e15c1a87e28d","Title: Kỹ sư | MaxSalary: 18429185 | CityName: Hà Nội | IndustryNames: IT phần mềm","2024-12-01"
"1","dd3f7284-9a66-4dc9-9af7-e15c1a87e28d","Title: Kỹ sư | MaxSalary: 18738197 | CityName: Hà Nội | IndustryNames: IT phần mềm","2024-12-01"
"1","dd3f7284-9a66-4dc9-9af7-e15c1a87e28d","Title: Kỹ sư | MaxSalary: 18815451 | CityName: Hà Nội | IndustryNames: IT phần mềm","2024-12-01"
"1","dd3f7284-9a66-4dc9-9af7-e15c1a87e28d","Title: Kỹ sư | MaxSalary: 18969957 | CityName: Hà Nội | IndustryNames: IT phần mềm","2024-12-01"
"1","dd3f7284-9a66-4dc9-9af7-e15c1a87e28d","Title: Kỹ sư | MaxSalary: 19433476 | CityName: Hà Nội | IndustryNames: IT phần mềm","2024-12-01"
"1","dd3f7284-9a66-4dc9-9af7-e15c1a87e28d","Title: Kỹ sư | MaxSalary: 19510730 | CityName: Hà Nội | IndustryNames: IT phần mềm","2024-12-01"
"1","dd3f7284-9a66-4dc9-9af7-e15c1a87e28d","Title: Kỹ sư | MaxSalary: 19896996 | CityName: Hà Nội | IndustryNames: IT phần mềm","2024-12-01"
"1","dd3f7284-9a66-4dc9-9af7-e15c1a87e28d","Title: Kỹ sư | MaxSalary: 20051502 | CityName: Hà Nội | IndustryNames: IT phần mềm","2024-12-01"
"1","dd3f7284-9a66-4dc9-9af7-e15c1a87e28d","Title: Kỹ sư | MaxSalary: 22832618 | CityName: Hà Nội | IndustryNames: IT phần mềm","2024-12-01"
"1","dd3f7284-9a66-4dc9-9af7-e15c1a87e28d","Title: Kỹ sư | MaxSalary: 26000000 | CityName: Hà Nội | IndustryNames: IT phần mềm","2024-12-01"
"1","dd3f7284-9a66-4dc9-9af7-e15c1a87e28d","IndustryNames: IT phần cứng","2024-12-01"
"1","dd3f7284-9a66-4dc9-9af7-e15c1a87e28d","TypesOfWork: Toàn thời gian","2024-12-02"
"1","dd3f7284-9a66-4dc9-9af7-e15c1a87e28d","IndustryNames: Marketing","2024-12-02"
"1","dd3f7284-9a66-4dc9-9af7-e15c1a87e28d","IndustryNames: Marketing","2024-12-02"
"1","dd3f7284-9a66-4dc9-9af7-e15c1a87e28d","TypesOfWork: Toàn thời gian","2024-12-02"
"1","dd3f7284-9a66-4dc9-9af7-e15c1a87e28d","TypesOfWork: Từ xa","2024-12-02"
"1","dd3f7284-9a66-4dc9-9af7-e15c1a87e28d","TypesOfWork: Toàn thời gian","2024-12-02"
"1","dd3f7284-9a66-4dc9-9af7-e15c1a87e28d","IndustryNames: Nhà hàng/Khách sạn","2024-12-02"
"1","dd3f7284-9a66-4dc9-9af7-e15c1a87e28d","IndustryNames: Marketing, Nhà hàng/Khách sạn","2024-12-02"
"1","dd3f7284-9a66-4dc9-9af7-e15c1a87e28d","IndustryNames: Marketing, Nhà hàng/Khách sạn, Kinh doanh","2024-12-02"
"1","dd3f7284-9a66-4dc9-9af7-e15c1a87e28d","IndustryNames: Marketing, Công nghệ ô tô, Nhà hàng/Khách sạn, Kinh doanh","2024-12-02"
"1","dd3f7284-9a66-4dc9-9af7-e15c1a87e28d","IndustryNames: Marketing, Công nghệ ô tô, Nhà hàng/Khách sạn, Kinh doanh","2024-12-02"
"1","dd3f7284-9a66-4dc9-9af7-e15c1a87e28d","TypesOfWork: Toàn thời gian","2024-12-02"
"1","dd3f7284-9a66-4dc9-9af7-e15c1a87e28d","TypesOfWork: Toàn thời gian","2024-12-02"
"1","dd3f7284-9a66-4dc9-9af7-e15c1a87e28d","TypesOfWork: Toàn thời gian","2024-12-02"
"1","dd3f7284-9a66-4dc9-9af7-e15c1a87e28d","TypesOfWork: Toàn thời gian","2024-12-02"
"1","dd3f7284-9a66-4dc9-9af7-e15c1a87e28d","TypesOfWork: Toàn thời gian","2024-12-02"
"1","dd3f7284-9a66-4dc9-9af7-e15c1a87e28d","TypesOfWork: Toàn thời gian","2024-12-02"
"1","dd3f7284-9a66-4dc9-9af7-e15c1a87e28d","TypesOfWork: Toàn thời gian","2024-12-02"
"1","dd3f7284-9a66-4dc9-9af7-e15c1a87e28d","TypesOfWork: Toàn thời gian","2024-12-02"
"1","dd3f7284-9a66-4dc9-9af7-e15c1a87e28d","TypesOfWork: Từ xa","2024-12-02"
"1","dd3f7284-9a66-4dc9-9af7-e15c1a87e28d","TypesOfWork: Toàn thời gian","2024-12-02"
"1","dd3f7284-9a66-4dc9-9af7-e15c1a87e28d","TypesOfWork: Toàn thời gian","2024-12-02"
"1","dd3f7284-9a66-4dc9-9af7-e15c1a87e28d","IndustryNames: Thiết kế","2024-12-02"
"1","dd3f7284-9a66-4dc9-9af7-e15c1a87e28d","TypesOfWork: Toàn thời gian","2024-12-02"
"1","dd3f7284-9a66-4dc9-9af7-e15c1a87e28d","MaxSalary: 25845494","2024-12-02"
"1","dd3f7284-9a66-4dc9-9af7-e15c1a87e28d","MaxSalary: 20592275","2024-12-02"
"1","dd3f7284-9a66-4dc9-9af7-e15c1a87e28d","MaxSalary: 17888412","2024-12-02"
"1","dd3f7284-9a66-4dc9-9af7-e15c1a87e28d","MaxSalary: 17811159","2024-12-02"
"1","dd3f7284-9a66-4dc9-9af7-e15c1a87e28d","MaxSalary: 15879828","2024-12-02"
"1","dd3f7284-9a66-4dc9-9af7-e15c1a87e28d","MaxSalary: 15802575","2024-12-02"
"1","dd3f7284-9a66-4dc9-9af7-e15c1a87e28d","MaxSalary: 22909871","2024-12-02"
"1","dd3f7284-9a66-4dc9-9af7-e15c1a87e28d","MaxSalary: 25768240","2024-12-02"
"1","dd3f7284-9a66-4dc9-9af7-e15c1a87e28d","MaxSalary: 26000000","2024-12-02"
"1","dd3f7284-9a66-4dc9-9af7-e15c1a87e28d","TypesOfWork: Toàn thời gian","2024-12-02"
"1","dd3f7284-9a66-4dc9-9af7-e15c1a87e28d","TypesOfWork: Từ xa","2024-12-02"
"1","dd3f7284-9a66-4dc9-9af7-e15c1a87e28d","IndustryNames: Marketing","2024-12-02"
"1","dd3f7284-9a66-4dc9-9af7-e15c1a87e28d","TypesOfWork: Toàn thời gian | IndustryNames: Marketing","2024-12-02"
"1","dd3f7284-9a66-4dc9-9af7-e15c1a87e28d","IndustryNames: Marketing","2024-12-02"
"1","dd3f7284-9a66-4dc9-9af7-e15c1a87e28d","TypesOfWork: Từ xa | IndustryNames: Marketing","2024-12-02"
"1","dd3f7284-9a66-4dc9-9af7-e15c1a87e28d","IndustryNames: Marketing","2024-12-02"
"1","dd3f7284-9a66-4dc9-9af7-e15c1a87e28d","TypesOfWork: Từ xa | IndustryNames: Marketing","2024-12-02"
"1","dd3f7284-9a66-4dc9-9af7-e15c1a87e28d","TypesOfWork: Từ xa","2024-12-02"
"1","dd3f7284-9a66-4dc9-9af7-e15c1a87e28d","TypesOfWork: Thực tập sinh","2024-12-02"
"1","dd3f7284-9a66-4dc9-9af7-e15c1a87e28d","TypesOfWork: Thực tập sinh","2024-12-02"
"1","dd3f7284-9a66-4dc9-9af7-e15c1a87e28d","TypesOfWork: Thực tập sinh","2024-12-02"
"1","dd3f7284-9a66-4dc9-9af7-e15c1a87e28d","TypesOfWork: Thực tập sinh","2024-12-02"
"1","dd3f7284-9a66-4dc9-9af7-e15c1a87e28d","IndustryNames: IT phần cứng","2024-12-02"
"1","dd3f7284-9a66-4dc9-9af7-e15c1a87e28d","TypesOfWork: Toàn thời gian","2024-12-02"
"1","dd3f7284-9a66-4dc9-9af7-e15c1a87e28d","IndustryNames: Thiết kế","2024-12-02"
"1","dd3f7284-9a66-4dc9-9af7-e15c1a87e28d","IndustryNames: Công nghệ ô tô","2024-12-02"
"1","dd3f7284-9a66-4dc9-9af7-e15c1a87e28d","IndustryNames: Công nghệ ô tô, Kinh doanh","2024-12-02"
"1","dd3f7284-9a66-4dc9-9af7-e15c1a87e28d","IndustryNames: Công nghệ ô tô","2024-12-02"
"1","dd3f7284-9a66-4dc9-9af7-e15c1a87e28d","TypesOfWork: Từ xa","2024-12-02"
"1","dd3f7284-9a66-4dc9-9af7-e15c1a87e28d","TypesOfWork: Từ xa","2024-12-02"
"1","dd3f7284-9a66-4dc9-9af7-e15c1a87e28d","TypesOfWork: Thực tập sinh","2024-12-02"
"1","dd3f7284-9a66-4dc9-9af7-e15c1a87e28d","TypesOfWork: Thực tập sinh, Toàn thời gian","2024-12-02"
"1","dd3f7284-9a66-4dc9-9af7-e15c1a87e28d","TypesOfWork: Thực tập sinh, Toàn thời gian, Từ xa","2024-12-02"
"1","dd3f7284-9a66-4dc9-9af7-e15c1a87e28d","TypesOfWork: Thực tập sinh, Từ xa","2024-12-02"
"1","dd3f7284-9a66-4dc9-9af7-e15c1a87e28d","TypesOfWork: Thực tập sinh","2024-12-02"
"1","dd3f7284-9a66-4dc9-9af7-e15c1a87e28d","IndustryNames: IT phần cứng","2024-12-02"
"1","dd3f7284-9a66-4dc9-9af7-e15c1a87e28d","IndustryNames: IT phần mềm","2024-12-02"
"1","dd3f7284-9a66-4dc9-9af7-e15c1a87e28d","IndustryNames: Thiết kế","2024-12-02"
"1","dd3f7284-9a66-4dc9-9af7-e15c1a87e28d","IndustryNames: Công nghệ ô tô","2024-12-02"
"1","dd3f7284-9a66-4dc9-9af7-e15c1a87e28d","IndustryNames: Kinh doanh","2024-12-02"
"1","dd3f7284-9a66-4dc9-9af7-e15c1a87e28d","IndustryNames: Marketing","2024-12-02"
"1","dd3f7284-9a66-4dc9-9af7-e15c1a87e28d","IndustryNames: Thương mại điện tử","2024-12-02"
"1","dd3f7284-9a66-4dc9-9af7-e15c1a87e28d","IndustryNames: IT phần mềm","2024-12-02"
"1","dd3f7284-9a66-4dc9-9af7-e15c1a87e28d","IndustryNames: Marketing","2024-12-02"
"1","dd3f7284-9a66-4dc9-9af7-e15c1a87e28d","IndustryNames: Thương mại điện tử","2024-12-02"
"1","dd3f7284-9a66-4dc9-9af7-e15c1a87e28d","IndustryNames: Điện - điện tử","2024-12-02"
"1","dd3f7284-9a66-4dc9-9af7-e15c1a87e28d","IndustryNames: Nhà hàng/Khách sạn","2024-12-02"
"1","dd3f7284-9a66-4dc9-9af7-e15c1a87e28d","IndustryNames: Thương mại điện tử","2024-12-02"
"1","dd3f7284-9a66-4dc9-9af7-e15c1a87e28d","IndustryNames: Nhà hàng/Khách sạn","2024-12-02"
"1","dd3f7284-9a66-4dc9-9af7-e15c1a87e28d","MaxSalary: 25783133","2024-12-02"
"1","dd3f7284-9a66-4dc9-9af7-e15c1a87e28d","MaxSalary: 19638554","2024-12-02"
"1","dd3f7284-9a66-4dc9-9af7-e15c1a87e28d","MaxSalary: 25204819","2024-12-02"
"1","dd3f7284-9a66-4dc9-9af7-e15c1a87e28d","MaxSalary: 20795181","2024-12-02"
"1","dd3f7284-9a66-4dc9-9af7-e15c1a87e28d","MaxSalary: 25783133","2024-12-02"
"1","dd3f7284-9a66-4dc9-9af7-e15c1a87e28d","MaxSalary: 21301205","2024-12-02"
"1","dd3f7284-9a66-4dc9-9af7-e15c1a87e28d","MaxSalary: 26000000","2024-12-02"
"1","dd3f7284-9a66-4dc9-9af7-e15c1a87e28d","MaxSalary: 17542169","2024-12-02"
"1","dd3f7284-9a66-4dc9-9af7-e15c1a87e28d","MaxSalary: 22746988","2024-12-02"
"1","dd3f7284-9a66-4dc9-9af7-e15c1a87e28d","MaxSalary: 20361446","2024-12-02"
"1","dd3f7284-9a66-4dc9-9af7-e15c1a87e28d","MaxSalary: 20795181","2024-12-02"
"1","dd3f7284-9a66-4dc9-9af7-e15c1a87e28d","MaxSalary: 25493976","2024-12-02"
"1","dd3f7284-9a66-4dc9-9af7-e15c1a87e28d","MaxSalary: 25132530","2024-12-02"
"1","dd3f7284-9a66-4dc9-9af7-e15c1a87e28d","MaxSalary: 19783133","2024-12-02"
"1","dd3f7284-9a66-4dc9-9af7-e15c1a87e28d","MaxSalary: 24698795","2024-12-02"
"1","dd3f7284-9a66-4dc9-9af7-e15c1a87e28d","MaxSalary: 26000000","2024-12-02"
"1","dd3f7284-9a66-4dc9-9af7-e15c1a87e28d","TypesOfWork: Thực tập sinh","2024-12-02"
"1","dd3f7284-9a66-4dc9-9af7-e15c1a87e28d","","2024-12-02"
"1","dd3f7284-9a66-4dc9-9af7-e15c1a87e28d","IndustryNames: IT phần cứng","2024-12-04"
"1","dd3f7284-9a66-4dc9-9af7-e15c1a87e28d","TypesOfWork: Toàn thời gian | IndustryNames: IT phần cứng","2024-12-04"
"1","dd3f7284-9a66-4dc9-9af7-e15c1a87e28d","TypesOfWork: Toàn thời gian","2024-12-04"
"1","dd3f7284-9a66-4dc9-9af7-e15c1a87e28d","TypesOfWork: Từ xa","2024-12-04"
"1","dd3f7284-9a66-4dc9-9af7-e15c1a87e28d","TypesOfWork: Thực tập sinh","2024-12-04"
"1","dd3f7284-9a66-4dc9-9af7-e15c1a87e28d","IndustryNames: IT phần mềm","2024-12-04"
"1","dd3f7284-9a66-4dc9-9af7-e15c1a87e28d","IndustryNames: IT phần mềm","2024-12-04"
"1","dd3f7284-9a66-4dc9-9af7-e15c1a87e28d","IndustryNames: IT phần mềm, Thiết kế","2024-12-04"
"1","dd3f7284-9a66-4dc9-9af7-e15c1a87e28d","IndustryNames: Thiết kế","2024-12-04"
"1","dd3f7284-9a66-4dc9-9af7-e15c1a87e28d","TypesOfWork: Từ xa","2024-12-04"
"1","dd3f7284-9a66-4dc9-9af7-e15c1a87e28d","TypesOfWork: Từ xa, Thực tập sinh","2024-12-04"
"1","dd3f7284-9a66-4dc9-9af7-e15c1a87e28d","TypesOfWork: Từ xa","2024-12-04"
"1","dd3f7284-9a66-4dc9-9af7-e15c1a87e28d","TypesOfWork: Từ xa, Thực tập sinh","2024-12-04"
"1","dd3f7284-9a66-4dc9-9af7-e15c1a87e28d","TypesOfWork: Từ xa","2024-12-04"
"1","dd3f7284-9a66-4dc9-9af7-e15c1a87e28d","TypesOfWork: Từ xa, Thực tập sinh","2024-12-04"
"1","dd3f7284-9a66-4dc9-9af7-e15c1a87e28d","TypesOfWork: Từ xa, Thực tập sinh | CityName: Lào Cai","2024-12-04"
"1","dd3f7284-9a66-4dc9-9af7-e15c1a87e28d","TypesOfWork: Từ xa, Thực tập sinh | CityName: Lào Cai","2024-12-04"
"1","dd3f7284-9a66-4dc9-9af7-e15c1a87e28d","TypesOfWork: Từ xa, Thực tập sinh | CityName: Lạng Sơn","2024-12-04"
"1","dd3f7284-9a66-4dc9-9af7-e15c1a87e28d","TypesOfWork: Từ xa, Thực tập sinh | CityName: Thành phố Hồ Chí Minh","2024-12-04"
"1","dd3f7284-9a66-4dc9-9af7-e15c1a87e28d","IndustryNames: IT phần mềm","2024-12-04"
"1","dd3f7284-9a66-4dc9-9af7-e15c1a87e28d","IndustryNames: Marketing","2024-12-04"
"1","dd3f7284-9a66-4dc9-9af7-e15c1a87e28d","Title: Marketing","2024-12-04"
"1","dd3f7284-9a66-4dc9-9af7-e15c1a87e28d","Title: Marketing | IndustryNames: Marketing","2024-12-04"
"1","dd3f7284-9a66-4dc9-9af7-e15c1a87e28d","Title: Marketing","2024-12-04"
"1","dd3f7284-9a66-4dc9-9af7-e15c1a87e28d","Title: Marketing | IndustryNames: Marketing","2024-12-04"
"1","dd3f7284-9a66-4dc9-9af7-e15c1a87e28d","IndustryNames: Marketing","2024-12-04"
"1","dd3f7284-9a66-4dc9-9af7-e15c1a87e28d","IndustryNames: IT phần cứng","2024-12-04"
"1","dd3f7284-9a66-4dc9-9af7-e15c1a87e28d","Title: IT ","2024-12-04"
"1","dd3f7284-9a66-4dc9-9af7-e15c1a87e28d","Title: IT ","2024-12-04"
"1","dd3f7284-9a66-4dc9-9af7-e15c1a87e28d","Title: Lập trình","2024-12-04"
"1","dd3f7284-9a66-4dc9-9af7-e15c1a87e28d","Title: Lập trình","2024-12-04"
"1","dd3f7284-9a66-4dc9-9af7-e15c1a87e28d","Title: Lập trình viên","2024-12-04"
"1","dd3f7284-9a66-4dc9-9af7-e15c1a87e28d","Title: Lập trình viên","2024-12-04"
"1","dd3f7284-9a66-4dc9-9af7-e15c1a87e28d","Title: Lập trình viên","2024-12-04"
"1","dd3f7284-9a66-4dc9-9af7-e15c1a87e28d","IndustryNames: Thương mại điện tử","2024-12-04"
"1","dd3f7284-9a66-4dc9-9af7-e15c1a87e28d","TypesOfWork: Từ xa","2024-12-04"
"1","dd3f7284-9a66-4dc9-9af7-e15c1a87e28d","TypesOfWork: Toàn thời gian","2024-12-04"
"1","dd3f7284-9a66-4dc9-9af7-e15c1a87e28d","TypesOfWork: Toàn thời gian | IndustryNames: IT phần cứng","2024-12-04"
"1","dd3f7284-9a66-4dc9-9af7-e15c1a87e28d","TypesOfWork: Toàn thời gian | MaxSalary: 25927711 | IndustryNames: IT phần cứng","2024-12-04"
"1","dd3f7284-9a66-4dc9-9af7-e15c1a87e28d","TypesOfWork: Toàn thời gian | MaxSalary: 21084337 | IndustryNames: IT phần cứng","2024-12-04"
"1","dd3f7284-9a66-4dc9-9af7-e15c1a87e28d","TypesOfWork: Toàn thời gian | MaxSalary: 17759036 | IndustryNames: IT phần cứng","2024-12-04"
"1","dd3f7284-9a66-4dc9-9af7-e15c1a87e28d","TypesOfWork: Toàn thời gian | MaxSalary: 16385542 | IndustryNames: IT phần cứng","2024-12-04"
"1","dd3f7284-9a66-4dc9-9af7-e15c1a87e28d","TypesOfWork: Toàn thời gian | MaxSalary: 16457831 | IndustryNames: IT phần cứng","2024-12-04"
"1","dd3f7284-9a66-4dc9-9af7-e15c1a87e28d","TypesOfWork: Toàn thời gian | MaxSalary: 17108434 | IndustryNames: IT phần cứng","2024-12-04"
"1","dd3f7284-9a66-4dc9-9af7-e15c1a87e28d","TypesOfWork: Toàn thời gian | MaxSalary: 17325301 | IndustryNames: IT phần cứng","2024-12-04"
"1","dd3f7284-9a66-4dc9-9af7-e15c1a87e28d","TypesOfWork: Toàn thời gian | MaxSalary: 18265061 | IndustryNames: IT phần cứng","2024-12-04"
"1","dd3f7284-9a66-4dc9-9af7-e15c1a87e28d","TypesOfWork: Toàn thời gian | MaxSalary: 18698795 | IndustryNames: IT phần cứng","2024-12-04"
"1","dd3f7284-9a66-4dc9-9af7-e15c1a87e28d","TypesOfWork: Toàn thời gian | MaxSalary: 18843374 | IndustryNames: IT phần cứng","2024-12-04"
"1","dd3f7284-9a66-4dc9-9af7-e15c1a87e28d","TypesOfWork: Toàn thời gian | MaxSalary: 19349398 | IndustryNames: IT phần cứng","2024-12-04"
"1","dd3f7284-9a66-4dc9-9af7-e15c1a87e28d","TypesOfWork: Toàn thời gian | MaxSalary: 19493976 | IndustryNames: IT phần cứng","2024-12-04"
"1","dd3f7284-9a66-4dc9-9af7-e15c1a87e28d","TypesOfWork: Toàn thời gian | MaxSalary: 20000000 | IndustryNames: IT phần cứng","2024-12-04"
"1","dd3f7284-9a66-4dc9-9af7-e15c1a87e28d","TypesOfWork: Toàn thời gian | MaxSalary: 20289157 | IndustryNames: IT phần cứng","2024-12-04"
"1","dd3f7284-9a66-4dc9-9af7-e15c1a87e28d","TypesOfWork: Toàn thời gian | MaxSalary: 20578314 | IndustryNames: IT phần cứng","2024-12-04"
"1","dd3f7284-9a66-4dc9-9af7-e15c1a87e28d","TypesOfWork: Toàn thời gian | MaxSalary: 21301205 | IndustryNames: IT phần cứng","2024-12-04"
"1","dd3f7284-9a66-4dc9-9af7-e15c1a87e28d","TypesOfWork: Toàn thời gian | MaxSalary: 21734940 | IndustryNames: IT phần cứng","2024-12-04"
"1","dd3f7284-9a66-4dc9-9af7-e15c1a87e28d","TypesOfWork: Toàn thời gian | MaxSalary: 21662651 | IndustryNames: IT phần cứng","2024-12-04"
"1","dd3f7284-9a66-4dc9-9af7-e15c1a87e28d","TypesOfWork: Toàn thời gian | MaxSalary: 20289157 | IndustryNames: IT phần cứng","2024-12-04"
"1","dd3f7284-9a66-4dc9-9af7-e15c1a87e28d","TypesOfWork: Toàn thời gian | MaxSalary: 20144579 | IndustryNames: IT phần cứng","2024-12-04"
"1","dd3f7284-9a66-4dc9-9af7-e15c1a87e28d","TypesOfWork: Toàn thời gian | MaxSalary: 18771085 | IndustryNames: IT phần cứng","2024-12-04"
"1","dd3f7284-9a66-4dc9-9af7-e15c1a87e28d","TypesOfWork: Toàn thời gian | MaxSalary: 18698795 | IndustryNames: IT phần cứng","2024-12-04"
"1","dd3f7284-9a66-4dc9-9af7-e15c1a87e28d","TypesOfWork: Toàn thời gian | MaxSalary: 17686747 | IndustryNames: IT phần cứng","2024-12-04"
"1","dd3f7284-9a66-4dc9-9af7-e15c1a87e28d","TypesOfWork: Toàn thời gian | MaxSalary: 17469880 | IndustryNames: IT phần cứng","2024-12-04"
"1","dd3f7284-9a66-4dc9-9af7-e15c1a87e28d","TypesOfWork: Toàn thời gian | MaxSalary: 17253012 | IndustryNames: IT phần cứng","2024-12-04"
"1","dd3f7284-9a66-4dc9-9af7-e15c1a87e28d","TypesOfWork: Toàn thời gian | MaxSalary: 16819277 | IndustryNames: IT phần cứng","2024-12-04"
"1","dd3f7284-9a66-4dc9-9af7-e15c1a87e28d","TypesOfWork: Toàn thời gian | MaxSalary: 15879518 | IndustryNames: IT phần cứng","2024-12-04"
"1","dd3f7284-9a66-4dc9-9af7-e15c1a87e28d","TypesOfWork: Toàn thời gian | MaxSalary: 14650603 | IndustryNames: IT phần cứng","2024-12-04"
"1","dd3f7284-9a66-4dc9-9af7-e15c1a87e28d","TypesOfWork: Toàn thời gian | MaxSalary: 14289157 | IndustryNames: IT phần cứng","2024-12-04"
"1","dd3f7284-9a66-4dc9-9af7-e15c1a87e28d","TypesOfWork: Toàn thời gian | MaxSalary: 14578314 | IndustryNames: IT phần cứng","2024-12-04"
"1","dd3f7284-9a66-4dc9-9af7-e15c1a87e28d","TypesOfWork: Toàn thời gian | MaxSalary: 15734940 | IndustryNames: IT phần cứng","2024-12-04"
"1","dd3f7284-9a66-4dc9-9af7-e15c1a87e28d","TypesOfWork: Toàn thời gian | MaxSalary: 16385542 | IndustryNames: IT phần cứng","2024-12-04"
"1","dd3f7284-9a66-4dc9-9af7-e15c1a87e28d","TypesOfWork: Toàn thời gian | MaxSalary: 16746988 | IndustryNames: IT phần cứng","2024-12-04"
"1","dd3f7284-9a66-4dc9-9af7-e15c1a87e28d","TypesOfWork: Toàn thời gian | MaxSalary: 16819277 | IndustryNames: IT phần cứng","2024-12-04"
"1","dd3f7284-9a66-4dc9-9af7-e15c1a87e28d","TypesOfWork: Toàn thời gian | MaxSalary: 17542169 | IndustryNames: IT phần cứng","2024-12-04"
"1","dd3f7284-9a66-4dc9-9af7-e15c1a87e28d","TypesOfWork: Toàn thời gian | MaxSalary: 17686747 | IndustryNames: IT phần cứng","2024-12-04"
"1","dd3f7284-9a66-4dc9-9af7-e15c1a87e28d","TypesOfWork: Toàn thời gian | MaxSalary: 17614458 | IndustryNames: IT phần cứng","2024-12-04"
"1","dd3f7284-9a66-4dc9-9af7-e15c1a87e28d","TypesOfWork: Toàn thời gian | MaxSalary: 17036145 | IndustryNames: IT phần cứng","2024-12-04"
"1","dd3f7284-9a66-4dc9-9af7-e15c1a87e28d","TypesOfWork: Toàn thời gian | MaxSalary: 16746988 | IndustryNames: IT phần cứng","2024-12-04"
"1","dd3f7284-9a66-4dc9-9af7-e15c1a87e28d","TypesOfWork: Toàn thời gian | MaxSalary: 16168675 | IndustryNames: IT phần cứng","2024-12-04"
"1","dd3f7284-9a66-4dc9-9af7-e15c1a87e28d","TypesOfWork: Toàn thời gian | MaxSalary: 16024097 | IndustryNames: IT phần cứng","2024-12-04"
"1","dd3f7284-9a66-4dc9-9af7-e15c1a87e28d","TypesOfWork: Toàn thời gian | MaxSalary: 15951807 | IndustryNames: IT phần cứng","2024-12-04"
"1","dd3f7284-9a66-4dc9-9af7-e15c1a87e28d","TypesOfWork: Toàn thời gian | MaxSalary: 15156627 | IndustryNames: IT phần cứng","2024-12-04"
"1","dd3f7284-9a66-4dc9-9af7-e15c1a87e28d","TypesOfWork: Toàn thời gian | MaxSalary: 15301205 | IndustryNames: IT phần cứng","2024-12-04"
"1","dd3f7284-9a66-4dc9-9af7-e15c1a87e28d","TypesOfWork: Toàn thời gian | MaxSalary: 16024097 | IndustryNames: IT phần cứng","2024-12-04"
"1","dd3f7284-9a66-4dc9-9af7-e15c1a87e28d","TypesOfWork: Toàn thời gian | MaxSalary: 16746988 | IndustryNames: IT phần cứng","2024-12-04"
"1","dd3f7284-9a66-4dc9-9af7-e15c1a87e28d","TypesOfWork: Toàn thời gian | MaxSalary: 17325301 | IndustryNames: IT phần cứng","2024-12-04"
"1","dd3f7284-9a66-4dc9-9af7-e15c1a87e28d","TypesOfWork: Toàn thời gian | MaxSalary: 17397591 | IndustryNames: IT phần cứng","2024-12-04"
"1","dd3f7284-9a66-4dc9-9af7-e15c1a87e28d","TypesOfWork: Toàn thời gian | MaxSalary: 17831326 | IndustryNames: IT phần cứng","2024-12-04"
"1","dd3f7284-9a66-4dc9-9af7-e15c1a87e28d","TypesOfWork: Toàn thời gian | MaxSalary: 17903615 | IndustryNames: IT phần cứng","2024-12-04"
"1","dd3f7284-9a66-4dc9-9af7-e15c1a87e28d","TypesOfWork: Toàn thời gian | MaxSalary: 17975904 | IndustryNames: IT phần cứng","2024-12-04"
"1","dd3f7284-9a66-4dc9-9af7-e15c1a87e28d","TypesOfWork: Toàn thời gian | MaxSalary: 18698795 | IndustryNames: IT phần cứng","2024-12-04"
"1","dd3f7284-9a66-4dc9-9af7-e15c1a87e28d","TypesOfWork: Toàn thời gian | MaxSalary: 18987952 | IndustryNames: IT phần cứng","2024-12-04"
"1","dd3f7284-9a66-4dc9-9af7-e15c1a87e28d","TypesOfWork: Toàn thời gian | MaxSalary: 19132530 | IndustryNames: IT phần cứng","2024-12-04"
"1","dd3f7284-9a66-4dc9-9af7-e15c1a87e28d","TypesOfWork: Toàn thời gian | MaxSalary: 26000000 | IndustryNames: IT phần cứng","2024-12-04"
"1","dd3f7284-9a66-4dc9-9af7-e15c1a87e28d","TypesOfWork: Toàn thời gian | MaxSalary: 26000000 | CityName: Lào Cai | IndustryNames: IT phần cứng","2024-12-04"
"1","dd3f7284-9a66-4dc9-9af7-e15c1a87e28d","TypesOfWork: Toàn thời gian | MaxSalary: 26000000 | CityName: Thành phố Hồ Chí Minh | IndustryNames: IT phần cứng","2024-12-04"
"1","dd3f7284-9a66-4dc9-9af7-e15c1a87e28d","Title: Mạng | TypesOfWork: Toàn thời gian | MaxSalary: 26000000 | CityName: Thành phố Hồ Chí Minh | IndustryNames: IT phần cứng","2024-12-04"
"1","dd3f7284-9a66-4dc9-9af7-e15c1a87e28d","","2024-12-04"
"1","b471c4c1-1ba1-4c13-9019-d0a1cdfed04a","IndustryNames: Nhà hàng/Khách sạn","2024-12-04"
"1","b471c4c1-1ba1-4c13-9019-d0a1cdfed04a","IndustryNames: Nhà hàng/Khách sạn, Điện - điện tử","2024-12-04"
"1","b471c4c1-1ba1-4c13-9019-d0a1cdfed04a","IndustryNames: Nhà hàng/Khách sạn","2024-12-04"
"1","b471c4c1-1ba1-4c13-9019-d0a1cdfed04a","CityName: Thành phố Hồ Chí Minh","2024-12-04"
"1","b471c4c1-1ba1-4c13-9019-d0a1cdfed04a","CityName: Thành phố Hồ Chí Minh | IndustryNames: Nhà hàng/Khách sạn","2024-12-04"
"1","b471c4c1-1ba1-4c13-9019-d0a1cdfed04a","CityName: Thành phố Hồ Chí Minh","2024-12-04"
"1","b471c4c1-1ba1-4c13-9019-d0a1cdfed04a","CityName: Thành phố Hồ Chí Minh | IndustryNames: Điện - điện tử","2024-12-04"
"1","b471c4c1-1ba1-4c13-9019-d0a1cdfed04a","CityName: Thành phố Hồ Chí Minh","2024-12-04"
"1","dd3f7284-9a66-4dc9-9af7-e15c1a87e28d","TypesOfWork: Từ xa","2024-12-04"
"1","dd3f7284-9a66-4dc9-9af7-e15c1a87e28d","TypesOfWork: Từ xa | MaxSalary: 25927711","2024-12-04"
"1","dd3f7284-9a66-4dc9-9af7-e15c1a87e28d","TypesOfWork: Từ xa | MaxSalary: 25204819","2024-12-04"
"1","dd3f7284-9a66-4dc9-9af7-e15c1a87e28d","TypesOfWork: Từ xa | MaxSalary: 19421687","2024-12-04"
"1","dd3f7284-9a66-4dc9-9af7-e15c1a87e28d","TypesOfWork: Từ xa | MaxSalary: 17903614","2024-12-04"
"1","dd3f7284-9a66-4dc9-9af7-e15c1a87e28d","TypesOfWork: Từ xa | MaxSalary: 16385542","2024-12-04"
"1","dd3f7284-9a66-4dc9-9af7-e15c1a87e28d","TypesOfWork: Từ xa | MaxSalary: 16313253","2024-12-04"
"1","dd3f7284-9a66-4dc9-9af7-e15c1a87e28d","TypesOfWork: Từ xa | MaxSalary: 15879518","2024-12-04"
"1","dd3f7284-9a66-4dc9-9af7-e15c1a87e28d","TypesOfWork: Từ xa | MaxSalary: 15807229","2024-12-04"
"1","dd3f7284-9a66-4dc9-9af7-e15c1a87e28d","TypesOfWork: Từ xa | MaxSalary: 15879518","2024-12-04"
"1","dd3f7284-9a66-4dc9-9af7-e15c1a87e28d","TypesOfWork: Từ xa | MaxSalary: 18481928","2024-12-04"
"1","dd3f7284-9a66-4dc9-9af7-e15c1a87e28d","TypesOfWork: Từ xa | MaxSalary: 18771084","2024-12-04"
"1","dd3f7284-9a66-4dc9-9af7-e15c1a87e28d","TypesOfWork: Từ xa | MaxSalary: 21228916","2024-12-04"
"1","dd3f7284-9a66-4dc9-9af7-e15c1a87e28d","TypesOfWork: Từ xa | MaxSalary: 22963855","2024-12-04"
"1","dd3f7284-9a66-4dc9-9af7-e15c1a87e28d","TypesOfWork: Từ xa | MaxSalary: 24771084","2024-12-04"
"1","dd3f7284-9a66-4dc9-9af7-e15c1a87e28d","TypesOfWork: Từ xa | MaxSalary: 26000000","2024-12-04"
"1","dd3f7284-9a66-4dc9-9af7-e15c1a87e28d","MaxSalary: 26000000","2024-12-04"
"1","dd3f7284-9a66-4dc9-9af7-e15c1a87e28d","TypesOfWork: Toàn thời gian","2024-12-04"
"1","dd3f7284-9a66-4dc9-9af7-e15c1a87e28d","IndustryNames: IT phần cứng","2024-12-04"
"1","dd3f7284-9a66-4dc9-9af7-e15c1a87e28d","IndustryNames: IT phần cứng","2024-12-04"
"1","dd3f7284-9a66-4dc9-9af7-e15c1a87e28d","TypesOfWork: Toàn thời gian","2024-12-07"
"1","dd3f7284-9a66-4dc9-9af7-e15c1a87e28d","IndustryNames: IT phần cứng","2024-12-08"
"1","dd3f7284-9a66-4dc9-9af7-e15c1a87e28d","IndustryNames: IT phần cứng","2024-12-08"
"1","dd3f7284-9a66-4dc9-9af7-e15c1a87e28d","IndustryNames: IT phần cứng","2024-12-08"
"1","dd3f7284-9a66-4dc9-9af7-e15c1a87e28d","IndustryNames: IT phần cứng","2024-12-08"
"1","dd3f7284-9a66-4dc9-9af7-e15c1a87e28d","IndustryNames: Thương mại điện tử","2024-12-08"
"1","dd3f7284-9a66-4dc9-9af7-e15c1a87e28d","IndustryNames: Thương mại điện tử, IT phần cứng","2024-12-08"
"1","dd3f7284-9a66-4dc9-9af7-e15c1a87e28d","IndustryNames: IT phần cứng","2024-12-08"
"1","dd3f7284-9a66-4dc9-9af7-e15c1a87e28d","IndustryNames: Thương mại điện tử","2024-12-08"
"1","dd3f7284-9a66-4dc9-9af7-e15c1a87e28d","IndustryNames: Thương mại điện tử","2024-12-08"
"1","dd3f7284-9a66-4dc9-9af7-e15c1a87e28d","IndustryNames: IT phần cứng","2024-12-08"
"1","dd3f7284-9a66-4dc9-9af7-e15c1a87e28d","IndustryNames: IT phần cứng","2024-12-08"
"1","cb85229b-4e98-4c96-8c00-bd28efa765c6","TypesOfWork: Toàn thời gian","2024-12-08"
"1","cb85229b-4e98-4c96-8c00-bd28efa765c6","IndustryNames: IT phần cứng","2024-12-08"
"1","cb85229b-4e98-4c96-8c00-bd28efa765c6","TypesOfWork: Toàn thời gian | IndustryNames: IT phần cứng","2024-12-08"
"1","cb85229b-4e98-4c96-8c00-bd28efa765c6","TypesOfWork: Toàn thời gian | IndustryNames: IT phần cứng","2024-12-08"
"1","cb85229b-4e98-4c96-8c00-bd28efa765c6","TypesOfWork: Toàn thời gian | CityName: Thành phố Hồ Chí Minh | IndustryNames: IT phần cứng","2024-12-08"
"1","cb85229b-4e98-4c96-8c00-bd28efa765c6","TypesOfWork: Toàn thời gian | CityName: Thành phố Hồ Chí Minh | IndustryNames: IT phần cứng","2024-12-08"
"1","cb85229b-4e98-4c96-8c00-bd28efa765c6","TypesOfWork: Toàn thời gian | CityName: Thành phố Hồ Chí Minh | IndustryNames: IT phần cứng, IT phần mềm","2024-12-08"
"1","cb85229b-4e98-4c96-8c00-bd28efa765c6","TypesOfWork: Toàn thời gian | CityName: Thành phố Hồ Chí Minh | IndustryNames: IT phần mềm","2024-12-08"
"1","cb85229b-4e98-4c96-8c00-bd28efa765c6","Title: Lập trình | TypesOfWork: Toàn thời gian | CityName: Thành phố Hồ Chí Minh | IndustryNames: IT phần mềm","2024-12-08"
"1","cb85229b-4e98-4c96-8c00-bd28efa765c6","TypesOfWork: Toàn thời gian | CityName: Thành phố Hồ Chí Minh | IndustryNames: IT phần mềm","2024-12-08"
"1","df18631f-81bc-4b6a-a172-6fcf15e49647","MaxSalary: 25927711","2024-12-08"
"1","df18631f-81bc-4b6a-a172-6fcf15e49647","MaxSalary: 21879518","2024-12-08"
"1","df18631f-81bc-4b6a-a172-6fcf15e49647","MaxSalary: 21012048","2024-12-08"
"1","df18631f-81bc-4b6a-a172-6fcf15e49647","MaxSalary: 22385542","2024-12-08"
"1","df18631f-81bc-4b6a-a172-6fcf15e49647","MaxSalary: 25349398","2024-12-08"
"1","df18631f-81bc-4b6a-a172-6fcf15e49647","MaxSalary: 26000000","2024-12-08"
"1","df18631f-81bc-4b6a-a172-6fcf15e49647","TypesOfWork: Từ xa","2024-12-08"
"1","df18631f-81bc-4b6a-a172-6fcf15e49647","TypesOfWork: Từ xa | CityName: Cao Bằng","2024-12-08"
"1","df18631f-81bc-4b6a-a172-6fcf15e49647","TypesOfWork: Từ xa | CityName: Thành phố Hồ Chí Minh","2024-12-08"
"1","df18631f-81bc-4b6a-a172-6fcf15e49647","TypesOfWork: Từ xa | CityName: Thành phố Hồ Chí Minh","2024-12-08"
"1","df18631f-81bc-4b6a-a172-6fcf15e49647","CityName: Thành phố Hồ Chí Minh","2024-12-08"
"1","df18631f-81bc-4b6a-a172-6fcf15e49647","CityName: Thành phố Hồ Chí Minh | IndustryNames: IT phần cứng","2024-12-08"
"1","df18631f-81bc-4b6a-a172-6fcf15e49647","CityName: Thành phố Hồ Chí Minh | IndustryNames: IT phần cứng, Công nghệ ô tô","2024-12-08"
"1","df18631f-81bc-4b6a-a172-6fcf15e49647","MaxSalary: 25855422 | CityName: Thành phố Hồ Chí Minh | IndustryNames: IT phần cứng, Công nghệ ô tô","2024-12-08"
"1","df18631f-81bc-4b6a-a172-6fcf15e49647","MaxSalary: 20650602 | CityName: Thành phố Hồ Chí Minh | IndustryNames: IT phần cứng, Công nghệ ô tô","2024-12-08"
"1","df18631f-81bc-4b6a-a172-6fcf15e49647","MaxSalary: 16385542 | CityName: Thành phố Hồ Chí Minh | IndustryNames: IT phần cứng, Công nghệ ô tô","2024-12-08"
"1","df18631f-81bc-4b6a-a172-6fcf15e49647","MaxSalary: 16240964 | CityName: Thành phố Hồ Chí Minh | IndustryNames: IT phần cứng, Công nghệ ô tô","2024-12-08"
"1","df18631f-81bc-4b6a-a172-6fcf15e49647","MaxSalary: 15373494 | CityName: Thành phố Hồ Chí Minh | IndustryNames: IT phần cứng, Công nghệ ô tô","2024-12-08"
"1","df18631f-81bc-4b6a-a172-6fcf15e49647","MaxSalary: 14939759 | CityName: Thành phố Hồ Chí Minh | IndustryNames: IT phần cứng, Công nghệ ô tô","2024-12-08"
"1","df18631f-81bc-4b6a-a172-6fcf15e49647","MaxSalary: 15012048 | CityName: Thành phố Hồ Chí Minh | IndustryNames: IT phần cứng, Công nghệ ô tô","2024-12-08"
"1","df18631f-81bc-4b6a-a172-6fcf15e49647","MaxSalary: 16168675 | CityName: Thành phố Hồ Chí Minh | IndustryNames: IT phần cứng, Công nghệ ô tô","2024-12-08"
"1","df18631f-81bc-4b6a-a172-6fcf15e49647","MaxSalary: 16602410 | CityName: Thành phố Hồ Chí Minh | IndustryNames: IT phần cứng, Công nghệ ô tô","2024-12-08"
"1","df18631f-81bc-4b6a-a172-6fcf15e49647","MaxSalary: 17542169 | CityName: Thành phố Hồ Chí Minh | IndustryNames: IT phần cứng, Công nghệ ô tô","2024-12-08"
"1","df18631f-81bc-4b6a-a172-6fcf15e49647","MaxSalary: 17614458 | CityName: Thành phố Hồ Chí Minh | IndustryNames: IT phần cứng, Công nghệ ô tô","2024-12-08"
"1","df18631f-81bc-4b6a-a172-6fcf15e49647","MaxSalary: 18120482 | CityName: Thành phố Hồ Chí Minh | IndustryNames: IT phần cứng, Công nghệ ô tô","2024-12-08"
"1","df18631f-81bc-4b6a-a172-6fcf15e49647","MaxSalary: 19493976 | CityName: Thành phố Hồ Chí Minh | IndustryNames: IT phần cứng, Công nghệ ô tô","2024-12-08"
"1","df18631f-81bc-4b6a-a172-6fcf15e49647","MaxSalary: 19927711 | CityName: Thành phố Hồ Chí Minh | IndustryNames: IT phần cứng, Công nghệ ô tô","2024-12-08"
"1","df18631f-81bc-4b6a-a172-6fcf15e49647","MaxSalary: 20650602 | CityName: Thành phố Hồ Chí Minh | IndustryNames: IT phần cứng, Công nghệ ô tô","2024-12-08"
"1","df18631f-81bc-4b6a-a172-6fcf15e49647","MaxSalary: 20867470 | CityName: Thành phố Hồ Chí Minh | IndustryNames: IT phần cứng, Công nghệ ô tô","2024-12-08"
"1","df18631f-81bc-4b6a-a172-6fcf15e49647","MaxSalary: 21518072 | CityName: Thành phố Hồ Chí Minh | IndustryNames: IT phần cứng, Công nghệ ô tô","2024-12-08"
"1","df18631f-81bc-4b6a-a172-6fcf15e49647","MaxSalary: 22385542 | CityName: Thành phố Hồ Chí Minh | IndustryNames: IT phần cứng, Công nghệ ô tô","2024-12-08"
"1","df18631f-81bc-4b6a-a172-6fcf15e49647","MaxSalary: 22746988 | CityName: Thành phố Hồ Chí Minh | IndustryNames: IT phần cứng, Công nghệ ô tô","2024-12-08"
"1","df18631f-81bc-4b6a-a172-6fcf15e49647","IndustryNames: Kinh doanh","2024-12-08"
"1","df18631f-81bc-4b6a-a172-6fcf15e49647","IndustryNames: IT phần cứng","2024-12-08"
"1","dd3f7284-9a66-4dc9-9af7-e15c1a87e28d","IndustryNames: Kinh doanh","2024-12-11"
"1","8421e1a4-4e3b-492b-9606-8d218b62cc20","IndustryNames: Kinh doanh","2024-12-11"
"1","8421e1a4-4e3b-492b-9606-8d218b62cc20","IndustryNames: Kinh doanh","2024-12-11"
"1","314bb968-40b2-4644-985b-615d89b59a0c","CityName: Thành phố Hồ Chí Minh","2024-12-11"
"1","314bb968-40b2-4644-985b-615d89b59a0c","CityName: Thành phố Hồ Chí Minh","2024-12-11"
"1","314bb968-40b2-4644-985b-615d89b59a0c","CityName: Thành phố Hồ Chí Minh | IndustryNames: IT phần cứng","2024-12-11"
"1","314bb968-40b2-4644-985b-615d89b59a0c","CityName: Thành phố Hồ Chí Minh | IndustryNames: IT phần cứng","2024-12-11"
"1","314bb968-40b2-4644-985b-615d89b59a0c","CityName: Thành phố Hồ Chí Minh | IndustryNames: IT phần cứng, IT phần mềm","2024-12-11"
"1","314bb968-40b2-4644-985b-615d89b59a0c","CityName: Thành phố Hồ Chí Minh | IndustryNames: IT phần cứng, IT phần mềm","2024-12-11"
"1","314bb968-40b2-4644-985b-615d89b59a0c","CityName: Thành phố Hồ Chí Minh | IndustryNames: IT phần cứng, IT phần mềm","2024-12-11"
"1","314bb968-40b2-4644-985b-615d89b59a0c","CityName: Thành phố Hồ Chí Minh | IndustryNames: IT phần cứng, IT phần mềm","2024-12-11"
"1","314bb968-40b2-4644-985b-615d89b59a0c","CityName: Thành phố Hồ Chí Minh | IndustryNames: IT phần cứng, IT phần mềm","2024-12-11"
"1","314bb968-40b2-4644-985b-615d89b59a0c","Title: Kỹ sư | CityName: Thành phố Hồ Chí Minh | IndustryNames: IT phần cứng, IT phần mềm","2024-12-11"
"1","314bb968-40b2-4644-985b-615d89b59a0c","Title: Kỹ sư | CityName: Thành phố Hồ Chí Minh | IndustryNames: IT phần cứng","2024-12-11"
"1","314bb968-40b2-4644-985b-615d89b59a0c","Title: Kỹ sư | CityName: Thành phố Hồ Chí Minh","2024-12-11"
"1","314bb968-40b2-4644-985b-615d89b59a0c","Title: Kỹ sư | TypesOfWork: Toàn thời gian | CityName: Thành phố Hồ Chí Minh","2024-12-11"
"1","314bb968-40b2-4644-985b-615d89b59a0c","Title: Kỹ sư | CityName: Thành phố Hồ Chí Minh","2024-12-11"
"1","dd3f7284-9a66-4dc9-9af7-e15c1a87e28d","IndustryNames: IT phần mềm","2024-12-15"
"1","dd3f7284-9a66-4dc9-9af7-e15c1a87e28d","CityName: Thành phố Hồ Chí Minh | IndustryNames: IT phần mềm","2024-12-15"
"1","dd3f7284-9a66-4dc9-9af7-e15c1a87e28d","Title: Lập trình viên | CityName: Thành phố Hồ Chí Minh | IndustryNames: IT phần mềm","2024-12-15"
"1","dd3f7284-9a66-4dc9-9af7-e15c1a87e28d","Title: Lập trình viên | MaxSalary: 26000000 | CityName: Thành phố Hồ Chí Minh | IndustryNames: IT phần mềm","2024-12-15"
"1","dd3f7284-9a66-4dc9-9af7-e15c1a87e28d","Title: Lập trình viên | MaxSalary: 26000000 | CityName: Thành phố Hồ Chí Minh | IndustryNames: IT phần mềm","2024-12-15"
"1","dd3f7284-9a66-4dc9-9af7-e15c1a87e28d","Title: Lập trình viên | MaxSalary: 26000000 | CityName: Thành phố Hồ Chí Minh | IndustryNames: IT phần mềm","2024-12-15"
"1","dd3f7284-9a66-4dc9-9af7-e15c1a87e28d","Title: Lập trình viên | MaxSalary: 26000000 | CityName: Thành phố Hồ Chí Minh | IndustryNames: IT phần mềm","2024-12-15"
"1","dd3f7284-9a66-4dc9-9af7-e15c1a87e28d","Title: Lập trình viên | MaxSalary: 26000000 | CityName: Thành phố Hồ Chí Minh | IndustryNames: IT phần mềm","2024-12-15"
"1","dd3f7284-9a66-4dc9-9af7-e15c1a87e28d","Title: Lập trình viên | MaxSalary: 26000000 | CityName: Thành phố Hồ Chí Minh | IndustryNames: IT phần mềm","2024-12-15"
"1","dd3f7284-9a66-4dc9-9af7-e15c1a87e28d","Title: Lập trình viên | MaxSalary: 26000000 | CityName: Thành phố Hồ Chí Minh | IndustryNames: IT phần mềm","2024-12-15"
"1","dd3f7284-9a66-4dc9-9af7-e15c1a87e28d","Title: Lập trình viên | MaxSalary: 26000000 | CityName: Thành phố Hồ Chí Minh | IndustryNames: IT phần mềm","2024-12-15"
"1","dd3f7284-9a66-4dc9-9af7-e15c1a87e28d","Title: Lập trình viên | MaxSalary: 26000000 | CityName: Thành phố Hồ Chí Minh | IndustryNames: IT phần mềm","2024-12-15"
"1","dd3f7284-9a66-4dc9-9af7-e15c1a87e28d","Title: Lập trình viên | MaxSalary: 26000000 | CityName: Thành phố Hồ Chí Minh | IndustryNames: IT phần mềm","2024-12-15"
"1","dd3f7284-9a66-4dc9-9af7-e15c1a87e28d","Title: Lập trình viên | MaxSalary: 26000000 | CityName: Thành phố Hồ Chí Minh | IndustryNames: IT phần mềm","2024-12-15"
"1","dd3f7284-9a66-4dc9-9af7-e15c1a87e28d","Title: Lập trình viên | MaxSalary: 26000000 | CityName: Thành phố Hồ Chí Minh | IndustryNames: IT phần mềm","2024-12-15"
"1","dd3f7284-9a66-4dc9-9af7-e15c1a87e28d","Title: Lập trình viên | MaxSalary: 26000000 | CityName: Thành phố Hồ Chí Minh | IndustryNames: IT phần mềm","2024-12-15"
"1","dd3f7284-9a66-4dc9-9af7-e15c1a87e28d","Title: Lập trình viên | MaxSalary: 26000000 | CityName: Thành phố Hồ Chí Minh | IndustryNames: IT phần mềm","2024-12-15"
"1","dd3f7284-9a66-4dc9-9af7-e15c1a87e28d","Title: Lập trình viên | MaxSalary: 26000000 | CityName: Thành phố Hồ Chí Minh | IndustryNames: IT phần mềm","2024-12-15"
"1","dd3f7284-9a66-4dc9-9af7-e15c1a87e28d","Title: Lập trình viên | MaxSalary: 26000000 | CityName: Thành phố Hồ Chí Minh | IndustryNames: IT phần mềm","2024-12-15"
"1","dd3f7284-9a66-4dc9-9af7-e15c1a87e28d","Title: Lập trình viên | MaxSalary: 26000000 | CityName: Thành phố Hồ Chí Minh | IndustryNames: IT phần mềm","2024-12-15"
"1","dd3f7284-9a66-4dc9-9af7-e15c1a87e28d","Title: Lập trình viên | MaxSalary: 25923695 | CityName: Thành phố Hồ Chí Minh | IndustryNames: IT phần mềm","2024-12-15"
"1","dd3f7284-9a66-4dc9-9af7-e15c1a87e28d","Title: Lập trình viên | MaxSalary: 24779116 | CityName: Thành phố Hồ Chí Minh | IndustryNames: IT phần mềm","2024-12-15"
"1","dd3f7284-9a66-4dc9-9af7-e15c1a87e28d","Title: Lập trình viên | MaxSalary: 23329317 | CityName: Thành phố Hồ Chí Minh | IndustryNames: IT phần mềm","2024-12-15"
"1","dd3f7284-9a66-4dc9-9af7-e15c1a87e28d","Title: Lập trình viên | MaxSalary: 23024096 | CityName: Thành phố Hồ Chí Minh | IndustryNames: IT phần mềm","2024-12-15"
"1","dd3f7284-9a66-4dc9-9af7-e15c1a87e28d","Title: Lập trình viên | MaxSalary: 22413655 | CityName: Thành phố Hồ Chí Minh | IndustryNames: IT phần mềm","2024-12-15"
"1","dd3f7284-9a66-4dc9-9af7-e15c1a87e28d","Title: Lập trình viên | MaxSalary: 21726908 | CityName: Thành phố Hồ Chí Minh | IndustryNames: IT phần mềm","2024-12-15"
"1","dd3f7284-9a66-4dc9-9af7-e15c1a87e28d","Title: Lập trình viên | MaxSalary: 21574297 | CityName: Thành phố Hồ Chí Minh | IndustryNames: IT phần mềm","2024-12-15"
"1","dd3f7284-9a66-4dc9-9af7-e15c1a87e28d","Title: Lập trình viên | MaxSalary: 20277108 | CityName: Thành phố Hồ Chí Minh | IndustryNames: IT phần mềm","2024-12-15"
"1","dd3f7284-9a66-4dc9-9af7-e15c1a87e28d","Title: Lập trình viên | MaxSalary: 19971888 | CityName: Thành phố Hồ Chí Minh | IndustryNames: IT phần mềm","2024-12-15"
"1","dd3f7284-9a66-4dc9-9af7-e15c1a87e28d","Title: Lập trình viên | MaxSalary: 19742972 | CityName: Thành phố Hồ Chí Minh | IndustryNames: IT phần mềm","2024-12-15"
"1","dd3f7284-9a66-4dc9-9af7-e15c1a87e28d","Title: Lập trình viên | MaxSalary: 19742972 | CityName: Thành phố Hồ Chí Minh | IndustryNames: IT phần mềm","2024-12-15"
"1","dd3f7284-9a66-4dc9-9af7-e15c1a87e28d","Title: Lập trình viên | MaxSalary: 19742972 | CityName: Thành phố Hồ Chí Minh | IndustryNames: IT phần mềm","2024-12-15"
"1","dd3f7284-9a66-4dc9-9af7-e15c1a87e28d","Title: Lập trình viên | MaxSalary: 19742972 | CityName: Thành phố Hồ Chí Minh | IndustryNames: IT phần mềm","2024-12-15"
"1","dd3f7284-9a66-4dc9-9af7-e15c1a87e28d","Title: Lập trình viên | MaxSalary: 19742972 | CityName: Thành phố Hồ Chí Minh | IndustryNames: IT phần mềm","2024-12-15"
"1","dd3f7284-9a66-4dc9-9af7-e15c1a87e28d","Title: Lập trình viên | MaxSalary: 19895582 | CityName: Thành phố Hồ Chí Minh | IndustryNames: IT phần mềm","2024-12-15"
"1","dd3f7284-9a66-4dc9-9af7-e15c1a87e28d","Title: Lập trình viên | MaxSalary: 24626506 | CityName: Thành phố Hồ Chí Minh | IndustryNames: IT phần mềm","2024-12-15"
"1","dd3f7284-9a66-4dc9-9af7-e15c1a87e28d","Title: Lập trình viên | MaxSalary: 26000000 | CityName: Thành phố Hồ Chí Minh | IndustryNames: IT phần mềm","2024-12-15"
"1","dd3f7284-9a66-4dc9-9af7-e15c1a87e28d","CityName: Hà Giang","2024-12-17"
"1","dd3f7284-9a66-4dc9-9af7-e15c1a87e28d","CityName: Hà Giang","2024-12-17"
"1","dd3f7284-9a66-4dc9-9af7-e15c1a87e28d","MaxSalary: 26000000","2024-12-17"
"1","dd3f7284-9a66-4dc9-9af7-e15c1a87e28d","MaxSalary: 26000000","2024-12-17"
"1","dd3f7284-9a66-4dc9-9af7-e15c1a87e28d","MaxSalary: 26000000","2024-12-17"
"1","dd3f7284-9a66-4dc9-9af7-e15c1a87e28d","MaxSalary: 26000000","2024-12-17"
"1","dd3f7284-9a66-4dc9-9af7-e15c1a87e28d","MaxSalary: 26000000","2024-12-17"
"1","dd3f7284-9a66-4dc9-9af7-e15c1a87e28d","MaxSalary: 26000000","2024-12-17"
"1","dd3f7284-9a66-4dc9-9af7-e15c1a87e28d","MaxSalary: 26000000","2024-12-17"
"1","dd3f7284-9a66-4dc9-9af7-e15c1a87e28d","MaxSalary: 26000000","2024-12-17"
"1","dd3f7284-9a66-4dc9-9af7-e15c1a87e28d","MaxSalary: 26000000","2024-12-17"
"1","dd3f7284-9a66-4dc9-9af7-e15c1a87e28d","MaxSalary: 26000000","2024-12-17"
"1","dd3f7284-9a66-4dc9-9af7-e15c1a87e28d","MaxSalary: 26000000","2024-12-17"
"1","dd3f7284-9a66-4dc9-9af7-e15c1a87e28d","MaxSalary: 23520080","2024-12-17"
"1","dd3f7284-9a66-4dc9-9af7-e15c1a87e28d","MaxSalary: 23596385","2024-12-17"
"1","dd3f7284-9a66-4dc9-9af7-e15c1a87e28d","MaxSalary: 24817269","2024-12-17"
"1","dd3f7284-9a66-4dc9-9af7-e15c1a87e28d","MaxSalary: 26000000","2024-12-17"
"1","dd3f7284-9a66-4dc9-9af7-e15c1a87e28d","Title: Lập trình","2024-12-18"
"1","dd3f7284-9a66-4dc9-9af7-e15c1a87e28d","Title: Lập trình","2024-12-18"
"1","dd3f7284-9a66-4dc9-9af7-e15c1a87e28d","MaxSalary: 25855422","2025-01-13"
"1","dd3f7284-9a66-4dc9-9af7-e15c1a87e28d","MaxSalary: 22891566","2025-01-13"
"1","dd3f7284-9a66-4dc9-9af7-e15c1a87e28d","MaxSalary: 23036145","2025-01-13"
"1","dd3f7284-9a66-4dc9-9af7-e15c1a87e28d","MaxSalary: 26000000","2025-01-13"
"1","dd3f7284-9a66-4dc9-9af7-e15c1a87e28d","MaxSalary: 24373494","2025-01-13"
"1","dd3f7284-9a66-4dc9-9af7-e15c1a87e28d","MaxSalary: 23144578","2025-01-13"
"1","dd3f7284-9a66-4dc9-9af7-e15c1a87e28d","MaxSalary: 14180723","2025-01-13"
"1","dd3f7284-9a66-4dc9-9af7-e15c1a87e28d","MaxSalary: 13819277","2025-01-13"
"1","dd3f7284-9a66-4dc9-9af7-e15c1a87e28d","MaxSalary: 14686747","2025-01-13"
"1","dd3f7284-9a66-4dc9-9af7-e15c1a87e28d","MaxSalary: 15626506","2025-01-13"
"1","dd3f7284-9a66-4dc9-9af7-e15c1a87e28d","MaxSalary: 15698795","2025-01-13"
"1","dd3f7284-9a66-4dc9-9af7-e15c1a87e28d","MaxSalary: 19891566","2025-01-13"
"1","dd3f7284-9a66-4dc9-9af7-e15c1a87e28d","MaxSalary: 20397590","2025-01-13"
"1","dd3f7284-9a66-4dc9-9af7-e15c1a87e28d","MaxSalary: 20759036","2025-01-13"
"1","dd3f7284-9a66-4dc9-9af7-e15c1a87e28d","MaxSalary: 21192771","2025-01-13"
"1","dd3f7284-9a66-4dc9-9af7-e15c1a87e28d","MaxSalary: 21265060","2025-01-13"
"1","dd3f7284-9a66-4dc9-9af7-e15c1a87e28d","MaxSalary: 22927711","2025-01-13"
"1","dd3f7284-9a66-4dc9-9af7-e15c1a87e28d","MaxSalary: 23361446","2025-01-13"
"1","dd3f7284-9a66-4dc9-9af7-e15c1a87e28d","MaxSalary: 24662651","2025-01-13"
"1","dd3f7284-9a66-4dc9-9af7-e15c1a87e28d","MaxSalary: 24734940","2025-01-13"
"1","dd3f7284-9a66-4dc9-9af7-e15c1a87e28d","MaxSalary: 24228916","2025-01-13"
"1","dd3f7284-9a66-4dc9-9af7-e15c1a87e28d","MaxSalary: 20397590","2025-01-13"
"1","dd3f7284-9a66-4dc9-9af7-e15c1a87e28d","MaxSalary: 19313253","2025-01-13"
"1","dd3f7284-9a66-4dc9-9af7-e15c1a87e28d","MaxSalary: 18879518","2025-01-13"
"1","dd3f7284-9a66-4dc9-9af7-e15c1a87e28d","MaxSalary: 18445783","2025-01-13"
"1","dd3f7284-9a66-4dc9-9af7-e15c1a87e28d","MaxSalary: 18084337","2025-01-13"
"1","dd3f7284-9a66-4dc9-9af7-e15c1a87e28d","MaxSalary: 18156626","2025-01-13"
"1","dd3f7284-9a66-4dc9-9af7-e15c1a87e28d","MaxSalary: 18445783","2025-01-13"
"1","dd3f7284-9a66-4dc9-9af7-e15c1a87e28d","MaxSalary: 19024096","2025-01-13"
"1","dd3f7284-9a66-4dc9-9af7-e15c1a87e28d","MaxSalary: 19963855","2025-01-13"
"1","dd3f7284-9a66-4dc9-9af7-e15c1a87e28d","MaxSalary: 20253012","2025-01-13"
"1","dd3f7284-9a66-4dc9-9af7-e15c1a87e28d","MaxSalary: 20542169","2025-01-13"
"1","dd3f7284-9a66-4dc9-9af7-e15c1a87e28d","MaxSalary: 20759036","2025-01-13"
"1","dd3f7284-9a66-4dc9-9af7-e15c1a87e28d","MaxSalary: 21048193","2025-01-13"
"1","dd3f7284-9a66-4dc9-9af7-e15c1a87e28d","MaxSalary: 21265060","2025-01-13"
"1","dd3f7284-9a66-4dc9-9af7-e15c1a87e28d","MaxSalary: 21337349","2025-01-13"
"1","dd3f7284-9a66-4dc9-9af7-e15c1a87e28d","MaxSalary: 21409639","2025-01-13"
"1","dd3f7284-9a66-4dc9-9af7-e15c1a87e28d","MaxSalary: 21626506","2025-01-13"
"1","dd3f7284-9a66-4dc9-9af7-e15c1a87e28d","MaxSalary: 21915663","2025-01-13"
"1","dd3f7284-9a66-4dc9-9af7-e15c1a87e28d","MaxSalary: 22132530","2025-01-13"
"1","dd3f7284-9a66-4dc9-9af7-e15c1a87e28d","MaxSalary: 22421687","2025-01-13"
"1","dd3f7284-9a66-4dc9-9af7-e15c1a87e28d","MaxSalary: 22493976","2025-01-13"
"1","dd3f7284-9a66-4dc9-9af7-e15c1a87e28d","MaxSalary: 22638554","2025-01-13"
"1","dd3f7284-9a66-4dc9-9af7-e15c1a87e28d","MaxSalary: 23072289","2025-01-13"
"1","dd3f7284-9a66-4dc9-9af7-e15c1a87e28d","MaxSalary: 24084337","2025-01-13"
"1","dd3f7284-9a66-4dc9-9af7-e15c1a87e28d","MaxSalary: 24879518","2025-01-13"
"1","dd3f7284-9a66-4dc9-9af7-e15c1a87e28d","MaxSalary: 25674699","2025-01-13"
"1","dd3f7284-9a66-4dc9-9af7-e15c1a87e28d","MaxSalary: 26000000","2025-01-13"
"1","dd3f7284-9a66-4dc9-9af7-e15c1a87e28d","IndustryNames: IT phần cứng","2025-01-16"
"1","dd3f7284-9a66-4dc9-9af7-e15c1a87e28d","CityName: Yên Bái","2025-01-16"
"1","dd3f7284-9a66-4dc9-9af7-e15c1a87e28d","CityName: Yên Bái","2025-01-16"
"1","dd3f7284-9a66-4dc9-9af7-e15c1a87e28d","CityName: Thành phố Hồ Chí Minh","2025-01-16"
"1","dd3f7284-9a66-4dc9-9af7-e15c1a87e28d","TypesOfWork: Toàn thời gian | CityName: Thành phố Hồ Chí Minh","2025-01-16"
"1","dd3f7284-9a66-4dc9-9af7-e15c1a87e28d","TypesOfWork: Toàn thời gian","2025-01-16"
"1","dd3f7284-9a66-4dc9-9af7-e15c1a87e28d","TypesOfWork: Toàn thời gian","2025-01-16"
"1","dd3f7284-9a66-4dc9-9af7-e15c1a87e28d","IndustryNames: IT phần cứng","2025-01-16"
"1","dd3f7284-9a66-4dc9-9af7-e15c1a87e28d","TypesOfWork: Toàn thời gian","2025-01-16"
"1","dd3f7284-9a66-4dc9-9af7-e15c1a87e28d","TypesOfWork: Toàn thời gian","2025-01-16"
"1","dd3f7284-9a66-4dc9-9af7-e15c1a87e28d","TypesOfWork: Toàn thời gian","2025-01-16"
"1","dd3f7284-9a66-4dc9-9af7-e15c1a87e28d","TypesOfWork: Toàn thời gian","2025-01-16"
"1","dd3f7284-9a66-4dc9-9af7-e15c1a87e28d","TypesOfWork: Toàn thời gian","2025-01-16"
"1","dd3f7284-9a66-4dc9-9af7-e15c1a87e28d","TypesOfWork: Toàn thời gian","2025-01-16"
"1","dd3f7284-9a66-4dc9-9af7-e15c1a87e28d","TypesOfWork: Toàn thời gian","2025-01-16"
"1","dd3f7284-9a66-4dc9-9af7-e15c1a87e28d","TypesOfWork: Toàn thời gian","2025-01-16"
"1","dd3f7284-9a66-4dc9-9af7-e15c1a87e28d","TypesOfWork: Toàn thời gian","2025-01-16"
"1","dd3f7284-9a66-4dc9-9af7-e15c1a87e28d","TypesOfWork: Toàn thời gian","2025-01-16"
"1","dd3f7284-9a66-4dc9-9af7-e15c1a87e28d","TypesOfWork: Toàn thời gian, Từ xa","2025-01-16"
"1","dd3f7284-9a66-4dc9-9af7-e15c1a87e28d","TypesOfWork: Toàn thời gian, Từ xa","2025-01-16"
"1","dd3f7284-9a66-4dc9-9af7-e15c1a87e28d","TypesOfWork: Từ xa","2025-01-16"
"1","dd3f7284-9a66-4dc9-9af7-e15c1a87e28d","MaxSalary: 25927711","2025-01-16"
"1","dd3f7284-9a66-4dc9-9af7-e15c1a87e28d","MaxSalary: 22819277","2025-01-16"
"1","dd3f7284-9a66-4dc9-9af7-e15c1a87e28d","MaxSalary: 20289157","2025-01-16"
"1","dd3f7284-9a66-4dc9-9af7-e15c1a87e28d","MaxSalary: 20289157","2025-01-16"
"1","dd3f7284-9a66-4dc9-9af7-e15c1a87e28d","MaxSalary: 20144579","2025-01-16"
"1","dd3f7284-9a66-4dc9-9af7-e15c1a87e28d","MaxSalary: 18192771","2025-01-16"
"1","dd3f7284-9a66-4dc9-9af7-e15c1a87e28d","MaxSalary: 17397591","2025-01-16"
"1","dd3f7284-9a66-4dc9-9af7-e15c1a87e28d","MaxSalary: 17108434","2025-01-16"
"1","dd3f7284-9a66-4dc9-9af7-e15c1a87e28d","MaxSalary: 16602410","2025-01-16"
"1","dd3f7284-9a66-4dc9-9af7-e15c1a87e28d","MaxSalary: 16385543","2025-01-16"
"1","dd3f7284-9a66-4dc9-9af7-e15c1a87e28d","MaxSalary: 16313253","2025-01-16"
"1","dd3f7284-9a66-4dc9-9af7-e15c1a87e28d","MaxSalary: 15951808","2025-01-16"
"1","dd3f7284-9a66-4dc9-9af7-e15c1a87e28d","MaxSalary: 15373494","2025-01-16"
"1","dd3f7284-9a66-4dc9-9af7-e15c1a87e28d","MaxSalary: 14722892","2025-01-16"
"1","dd3f7284-9a66-4dc9-9af7-e15c1a87e28d","MaxSalary: 14000000","2025-01-16"
"1","dd3f7284-9a66-4dc9-9af7-e15c1a87e28d","MaxSalary: 13566265","2025-01-16"
"1","dd3f7284-9a66-4dc9-9af7-e15c1a87e28d","MaxSalary: 13132530","2025-01-16"
"1","dd3f7284-9a66-4dc9-9af7-e15c1a87e28d","MaxSalary: 12915663","2025-01-16"
"1","dd3f7284-9a66-4dc9-9af7-e15c1a87e28d","MaxSalary: 13060241","2025-01-16"
"1","dd3f7284-9a66-4dc9-9af7-e15c1a87e28d","MaxSalary: 20939759","2025-01-16"
"1","dd3f7284-9a66-4dc9-9af7-e15c1a87e28d","MaxSalary: 26000000","2025-01-16"
"1","dd3f7284-9a66-4dc9-9af7-e15c1a87e28d","IndustryNames: Thương mại điện tử","2025-01-18"
"1","dd3f7284-9a66-4dc9-9af7-e15c1a87e28d","IndustryNames: Marketing","2025-01-20"
"1","dd3f7284-9a66-4dc9-9af7-e15c1a87e28d","IndustryNames: IT phần cứng","2025-01-20"
"1","dd3f7284-9a66-4dc9-9af7-e15c1a87e28d","IndustryNames: Thiết kế","2025-01-20"
"1","dd3f7284-9a66-4dc9-9af7-e15c1a87e28d","MaxSalary: 25927711 | IndustryNames: Thiết kế","2025-01-20"
"1","dd3f7284-9a66-4dc9-9af7-e15c1a87e28d","MaxSalary: 24192771 | IndustryNames: Thiết kế","2025-01-20"
"1","dd3f7284-9a66-4dc9-9af7-e15c1a87e28d","MaxSalary: 20722892 | IndustryNames: Thiết kế","2025-01-20"
"1","dd3f7284-9a66-4dc9-9af7-e15c1a87e28d","MaxSalary: 20578313 | IndustryNames: Thiết kế","2025-01-20"
"1","dd3f7284-9a66-4dc9-9af7-e15c1a87e28d","MaxSalary: 20506024 | IndustryNames: Thiết kế","2025-01-20"
"1","dd3f7284-9a66-4dc9-9af7-e15c1a87e28d","MaxSalary: 20433735 | IndustryNames: Thiết kế","2025-01-20"
"1","dd3f7284-9a66-4dc9-9af7-e15c1a87e28d","MaxSalary: 19277108 | IndustryNames: Thiết kế","2025-01-20"
"1","dd3f7284-9a66-4dc9-9af7-e15c1a87e28d","MaxSalary: 17325301 | IndustryNames: Thiết kế","2025-01-20"
"1","dd3f7284-9a66-4dc9-9af7-e15c1a87e28d","MaxSalary: 14795181 | IndustryNames: Thiết kế","2025-01-20"
"1","dd3f7284-9a66-4dc9-9af7-e15c1a87e28d","MaxSalary: 14722892 | IndustryNames: Thiết kế","2025-01-20"
"1","dd3f7284-9a66-4dc9-9af7-e15c1a87e28d","MaxSalary: 14650602 | IndustryNames: Thiết kế","2025-01-20"
"1","dd3f7284-9a66-4dc9-9af7-e15c1a87e28d","MaxSalary: 13638554 | IndustryNames: Thiết kế","2025-01-20"
"1","dd3f7284-9a66-4dc9-9af7-e15c1a87e28d","MaxSalary: 12698795 | IndustryNames: Thiết kế","2025-01-20"
"1","dd3f7284-9a66-4dc9-9af7-e15c1a87e28d","MaxSalary: 11469880 | IndustryNames: Thiết kế","2025-01-20"
"1","dd3f7284-9a66-4dc9-9af7-e15c1a87e28d","MaxSalary: 10385542 | IndustryNames: Thiết kế","2025-01-20"
"1","dd3f7284-9a66-4dc9-9af7-e15c1a87e28d","MaxSalary: 10240964 | IndustryNames: Thiết kế","2025-01-20"
"1","dd3f7284-9a66-4dc9-9af7-e15c1a87e28d","MaxSalary: 10168675 | IndustryNames: Thiết kế","2025-01-20"
"1","dd3f7284-9a66-4dc9-9af7-e15c1a87e28d","MaxSalary: 9951807 | IndustryNames: Thiết kế","2025-01-20"
"1","dd3f7284-9a66-4dc9-9af7-e15c1a87e28d","MaxSalary: 9518072 | IndustryNames: Thiết kế","2025-01-20"
"1","dd3f7284-9a66-4dc9-9af7-e15c1a87e28d","MaxSalary: 8939759 | IndustryNames: Thiết kế","2025-01-20"
"1","dd3f7284-9a66-4dc9-9af7-e15c1a87e28d","MaxSalary: 9084337 | IndustryNames: Thiết kế","2025-01-20"
"1","dd3f7284-9a66-4dc9-9af7-e15c1a87e28d","MaxSalary: 9662651 | IndustryNames: Thiết kế","2025-01-20"
"1","dd3f7284-9a66-4dc9-9af7-e15c1a87e28d","MaxSalary: 10963855 | IndustryNames: Thiết kế","2025-01-20"
"1","dd3f7284-9a66-4dc9-9af7-e15c1a87e28d","MaxSalary: 11253012 | IndustryNames: Thiết kế","2025-01-20"
